IP,Hostname,Port,Port Protocol,CVSS,Severity,QoD,Solution Type,NVT Name,Summary,Specific Result,NVT OID,CVEs,Task ID,Task Name,Timestamp,Result ID,Impact,Solution,Affected Software/OS,Vulnerability Insight,Vulnerability Detection Method,Product Detection Result,BIDs,CERTs,Other References
      192.168.254.146,,,,10.0,High,80,"Mitigation","Operating System (OS) End of Life (EOL) Detection","The Operating System (OS) on the remote host has reached the end
  of life (EOL) and should not be used anymore.","The ""Ubuntu"" Operating System on the remote host has reached the end of life.

CPE:               cpe:/o:canonical:ubuntu_linux:10.04
Installed version,
build or SP:       10.04
EOL date:          2015-04-30
EOL info:          https://wiki.ubuntu.com/Releases
",1.3.6.1.4.1.25623.1.0.103674,"",bd621c88-7756-4f97-b0c3-75b10a8ccfec,"DVWA_26-1-2026",2026-01-26T17:09:11Z,64483997-ff09-47d6-816d-e7a33b2c9834,"An EOL version of an OS is not receiving any security updates
  from the vendor. Unfixed security vulnerabilities might be leveraged by an attacker to compromise
  the security of this host.","Upgrade the OS on the remote host to a version which is still
  supported and receiving security updates by the vendor.","","","Checks if an EOL version of an OS is present on the target
  host.
Details:
Operating System (OS) End of Life (EOL) Detection
(OID: 1.3.6.1.4.1.25623.1.0.103674)
Version used: 2024-02-28T14:37:42Z
","Product: cpe:/o:canonical:ubuntu_linux:10.04
Method: OS Detection Consolidation and Reporting
(OID: 1.3.6.1.4.1.25623.1.0.105937)
","","",""
192.168.254.146,,443,tcp,7.5,High,98,"Mitigation","SSL/TLS: Report Vulnerable Cipher Suites for HTTPS","This routine reports all SSL/TLS cipher suites accepted by a service
  where attack vectors exists only on HTTPS services.","'Vulnerable' cipher suites accepted by this service via the SSLv3 protocol:

TLS_DHE_RSA_WITH_3DES_EDE_CBC_SHA (SWEET32)
TLS_DHE_RSA_WITH_DES_CBC_SHA (SWEET32)
TLS_RSA_WITH_3DES_EDE_CBC_SHA (SWEET32)
TLS_RSA_WITH_DES_CBC_SHA (SWEET32)

'Vulnerable' cipher suites accepted by this service via the TLSv1.0 protocol:

TLS_DHE_RSA_WITH_3DES_EDE_CBC_SHA (SWEET32)
TLS_DHE_RSA_WITH_DES_CBC_SHA (SWEET32)
TLS_RSA_WITH_3DES_EDE_CBC_SHA (SWEET32)
TLS_RSA_WITH_DES_CBC_SHA (SWEET32)


",1.3.6.1.4.1.25623.1.0.108031,"CVE-2016-2183,CVE-2016-6329,CVE-2020-12872",bd621c88-7756-4f97-b0c3-75b10a8ccfec,"DVWA_26-1-2026",2026-01-26T17:09:11Z,aa472460-8eb1-45f4-822a-8c7584f2cbcf,"","The configuration of this services should be changed so
  that it does not accept the listed cipher suites anymore.

  Please see the references for more resources supporting you with this task.","Services accepting vulnerable SSL/TLS cipher suites via HTTPS.","These rules are applied for the evaluation of the vulnerable cipher suites:

  - 64-bit block cipher 3DES vulnerable to the SWEET32 attack (CVE-2016-2183).","
Details:
SSL/TLS: Report Vulnerable Cipher Suites for HTTPS
(OID: 1.3.6.1.4.1.25623.1.0.108031)
Version used: 2024-09-30T08:38:05Z
","Product: cpe:/a:ietf:transport_layer_security
Method: SSL/TLS: Report Supported Cipher Suites
(OID: 1.3.6.1.4.1.25623.1.0.802067)
","","DFN-CERT-2021-1618,DFN-CERT-2021-0775,DFN-CERT-2021-0770,DFN-CERT-2021-0274,DFN-CERT-2020-2141,DFN-CERT-2020-0368,DFN-CERT-2019-1455,DFN-CERT-2019-0068,DFN-CERT-2018-1296,DFN-CERT-2018-0323,DFN-CERT-2017-2070,DFN-CERT-2017-1954,DFN-CERT-2017-1885,DFN-CERT-2017-1831,DFN-CERT-2017-1821,DFN-CERT-2017-1785,DFN-CERT-2017-1626,DFN-CERT-2017-1326,DFN-CERT-2017-1239,DFN-CERT-2017-1238,DFN-CERT-2017-1090,DFN-CERT-2017-1060,DFN-CERT-2017-0968,DFN-CERT-2017-0947,DFN-CERT-2017-0946,DFN-CERT-2017-0904,DFN-CERT-2017-0816,DFN-CERT-2017-0746,DFN-CERT-2017-0677,DFN-CERT-2017-0675,DFN-CERT-2017-0611,DFN-CERT-2017-0609,DFN-CERT-2017-0522,DFN-CERT-2017-0519,DFN-CERT-2017-0482,DFN-CERT-2017-0351,DFN-CERT-2017-0090,DFN-CERT-2017-0089,DFN-CERT-2017-0088,DFN-CERT-2017-0086,DFN-CERT-2016-1943,DFN-CERT-2016-1937,DFN-CERT-2016-1732,DFN-CERT-2016-1726,DFN-CERT-2016-1715,DFN-CERT-2016-1714,DFN-CERT-2016-1588,DFN-CERT-2016-1555,DFN-CERT-2016-1391,DFN-CERT-2016-1378,WID-SEC-2024-1277,WID-SEC-2024-0209,WID-SEC-2024-0064,WID-SEC-2022-2226,WID-SEC-2022-1955,CB-K21/1094,CB-K20/1023,CB-K20/0321,CB-K20/0314,CB-K20/0157,CB-K19/0618,CB-K19/0615,CB-K18/0296,CB-K17/1980,CB-K17/1871,CB-K17/1803,CB-K17/1753,CB-K17/1750,CB-K17/1709,CB-K17/1558,CB-K17/1273,CB-K17/1202,CB-K17/1196,CB-K17/1055,CB-K17/1026,CB-K17/0939,CB-K17/0917,CB-K17/0915,CB-K17/0877,CB-K17/0796,CB-K17/0724,CB-K17/0661,CB-K17/0657,CB-K17/0582,CB-K17/0581,CB-K17/0506,CB-K17/0504,CB-K17/0467,CB-K17/0345,CB-K17/0098,CB-K17/0089,CB-K17/0086,CB-K17/0082,CB-K16/1837,CB-K16/1830,CB-K16/1635,CB-K16/1630,CB-K16/1624,CB-K16/1622,CB-K16/1500,CB-K16/1465,CB-K16/1307,CB-K16/1296",""
192.168.254.146,,443,tcp,7.4,High,70,"VendorFix","SSL/TLS: OpenSSL CCS Man in the Middle Security Bypass Vulnerability","OpenSSL is prone to security-bypass vulnerability.","Vulnerability was detected according to the Vulnerability Detection Method.",1.3.6.1.4.1.25623.1.0.105042,"CVE-2014-0224",bd621c88-7756-4f97-b0c3-75b10a8ccfec,"DVWA_26-1-2026",2026-01-26T17:09:11Z,db973cfe-affd-4ba7-a45f-614309892cf1,"Successfully exploiting this issue may allow attackers to obtain
  sensitive information by conducting a man-in-the-middle attack. This may lead to other attacks.","Updates are available. Please see the references for more information.","OpenSSL before 0.9.8za, 1.0.0 before 1.0.0m and 1.0.1 before 1.0.1h.","OpenSSL does not properly restrict processing of ChangeCipherSpec
  messages, which allows man-in-the-middle attackers to trigger use of a zero-length master key in
  certain OpenSSL-to-OpenSSL communications, and consequently hijack sessions or obtain sensitive
  information, via a crafted TLS handshake, aka the 'CCS Injection' vulnerability.","Send two SSL ChangeCipherSpec request and check the response.
Details:
SSL/TLS: OpenSSL CCS Man in the Middle Security Bypass Vulnerability
(OID: 1.3.6.1.4.1.25623.1.0.105042)
Version used: 2024-09-27T05:05:23Z
","","","DFN-CERT-2016-0388,DFN-CERT-2015-0593,DFN-CERT-2015-0427,DFN-CERT-2015-0396,DFN-CERT-2015-0082,DFN-CERT-2015-0079,DFN-CERT-2015-0078,DFN-CERT-2014-1717,DFN-CERT-2014-1632,DFN-CERT-2014-1364,DFN-CERT-2014-1357,DFN-CERT-2014-1350,DFN-CERT-2014-1265,DFN-CERT-2014-1209,DFN-CERT-2014-0917,DFN-CERT-2014-0789,DFN-CERT-2014-0778,DFN-CERT-2014-0768,DFN-CERT-2014-0752,DFN-CERT-2014-0747,DFN-CERT-2014-0738,DFN-CERT-2014-0715,DFN-CERT-2014-0714,DFN-CERT-2014-0709,WID-SEC-2023-0500,CB-K15/0567,CB-K15/0415,CB-K15/0384,CB-K15/0080,CB-K15/0079,CB-K15/0074,CB-K14/1617,CB-K14/1537,CB-K14/1299,CB-K14/1297,CB-K14/1294,CB-K14/1202,CB-K14/1174,CB-K14/1153,CB-K14/0876,CB-K14/0756,CB-K14/0746,CB-K14/0736,CB-K14/0722,CB-K14/0716,CB-K14/0708,CB-K14/0684,CB-K14/0683,CB-K14/0680",""
192.168.254.146,,443,tcp,5.9,Medium,98,"Mitigation","SSL/TLS: Report Weak Cipher Suites","This routine reports all Weak SSL/TLS cipher suites accepted
  by a service.

  NOTE: No severity for SMTP services with 'Opportunistic TLS' and weak cipher suites on port
  25/tcp is reported. If too strong cipher suites are configured for this service the alternative
  would be to fall back to an even more insecure cleartext communication.","'Weak' cipher suites accepted by this service via the SSLv3 protocol:

TLS_DHE_RSA_EXPORT_WITH_DES40_CBC_SHA
TLS_RSA_EXPORT_WITH_DES40_CBC_SHA
TLS_RSA_EXPORT_WITH_RC2_CBC_40_MD5
TLS_RSA_EXPORT_WITH_RC4_40_MD5
TLS_RSA_WITH_RC4_128_MD5
TLS_RSA_WITH_RC4_128_SHA

'Weak' cipher suites accepted by this service via the TLSv1.0 protocol:

TLS_DHE_RSA_EXPORT_WITH_DES40_CBC_SHA
TLS_RSA_EXPORT_WITH_DES40_CBC_SHA
TLS_RSA_EXPORT_WITH_RC2_CBC_40_MD5
TLS_RSA_EXPORT_WITH_RC4_40_MD5
TLS_RSA_WITH_RC4_128_MD5
TLS_RSA_WITH_RC4_128_SHA


",1.3.6.1.4.1.25623.1.0.103440,"CVE-2013-2566,CVE-2015-2808,CVE-2015-4000",bd621c88-7756-4f97-b0c3-75b10a8ccfec,"DVWA_26-1-2026",2026-01-26T17:09:11Z,147ad48d-f3b6-4e67-b55d-04bec77542aa,"","The configuration of this services should be changed so
  that it does not accept the listed weak cipher suites anymore.

  Please see the references for more resources supporting you with this task.","","These rules are applied for the evaluation of the cryptographic
  strength:

  - RC4 is considered to be weak (CVE-2013-2566, CVE-2015-2808)

  - Ciphers using 64 bit or less are considered to be vulnerable to brute force methods
  and therefore considered as weak (CVE-2015-4000)

  - 1024 bit RSA authentication is considered to be insecure and therefore as weak

  - Any cipher considered to be secure for only the next 10 years is considered as medium

  - Any other cipher is considered as strong","
Details:
SSL/TLS: Report Weak Cipher Suites
(OID: 1.3.6.1.4.1.25623.1.0.103440)
Version used: 2024-09-27T05:05:23Z
","Product: cpe:/a:ietf:transport_layer_security
Method: SSL/TLS: Report Supported Cipher Suites
(OID: 1.3.6.1.4.1.25623.1.0.802067)
","","DFN-CERT-2023-2939,DFN-CERT-2021-0775,DFN-CERT-2020-1561,DFN-CERT-2020-1276,DFN-CERT-2017-1821,DFN-CERT-2016-1692,DFN-CERT-2016-1648,DFN-CERT-2016-1168,DFN-CERT-2016-0665,DFN-CERT-2016-0642,DFN-CERT-2016-0184,DFN-CERT-2016-0135,DFN-CERT-2016-0101,DFN-CERT-2016-0035,DFN-CERT-2015-1853,DFN-CERT-2015-1679,DFN-CERT-2015-1632,DFN-CERT-2015-1608,DFN-CERT-2015-1542,DFN-CERT-2015-1518,DFN-CERT-2015-1406,DFN-CERT-2015-1341,DFN-CERT-2015-1194,DFN-CERT-2015-1144,DFN-CERT-2015-1113,DFN-CERT-2015-1078,DFN-CERT-2015-1067,DFN-CERT-2015-1038,DFN-CERT-2015-1016,DFN-CERT-2015-1012,DFN-CERT-2015-0980,DFN-CERT-2015-0977,DFN-CERT-2015-0976,DFN-CERT-2015-0960,DFN-CERT-2015-0956,DFN-CERT-2015-0944,DFN-CERT-2015-0937,DFN-CERT-2015-0925,DFN-CERT-2015-0884,DFN-CERT-2015-0881,DFN-CERT-2015-0879,DFN-CERT-2015-0866,DFN-CERT-2015-0844,DFN-CERT-2015-0800,DFN-CERT-2015-0737,DFN-CERT-2015-0696,DFN-CERT-2014-0977,CB-K21/0067,CB-K19/0812,CB-K17/1750,CB-K16/1593,CB-K16/1552,CB-K16/1102,CB-K16/0617,CB-K16/0599,CB-K16/0168,CB-K16/0121,CB-K16/0090,CB-K16/0030,CB-K15/1751,CB-K15/1591,CB-K15/1550,CB-K15/1517,CB-K15/1514,CB-K15/1464,CB-K15/1442,CB-K15/1334,CB-K15/1269,CB-K15/1136,CB-K15/1090,CB-K15/1059,CB-K15/1022,CB-K15/1015,CB-K15/0986,CB-K15/0964,CB-K15/0962,CB-K15/0932,CB-K15/0927,CB-K15/0926,CB-K15/0907,CB-K15/0901,CB-K15/0896,CB-K15/0889,CB-K15/0877,CB-K15/0850,CB-K15/0849,CB-K15/0834,CB-K15/0827,CB-K15/0802,CB-K15/0764,CB-K15/0733,CB-K15/0667,CB-K14/0935,CB-K13/0942",""
192.168.254.146,,443,tcp,5.9,Medium,98,"Mitigation","SSL/TLS: Deprecated SSLv2 and SSLv3 Protocol Detection","It was possible to detect the usage of the deprecated SSLv2
  and/or SSLv3 protocol on this system.","In addition to TLSv1.0+ the service is also providing the deprecated SSLv2 and SSLv3 protocols and supports one or more ciphers. Those supported ciphers can be found in the 'SSL/TLS: Report Supported Cipher Suites' (OID: 1.3.6.1.4.1.25623.1.0.802067) VT.
",1.3.6.1.4.1.25623.1.0.111012,"CVE-2016-0800,CVE-2014-3566",bd621c88-7756-4f97-b0c3-75b10a8ccfec,"DVWA_26-1-2026",2026-01-26T17:09:11Z,2e99d29c-dc02-477a-9b80-1b0d80d0bd97,"An attacker might be able to use the known cryptographic flaws to
  eavesdrop the connection between clients and the service to get access to sensitive data
  transferred within the secured connection.

  Furthermore newly uncovered vulnerabilities in this protocols won't receive security updates
  anymore.","It is recommended to disable the deprecated SSLv2 and/or SSLv3
  protocols in favor of the TLSv1.2+ protocols. Please see the references for more information.","All services providing an encrypted communication using the
  SSLv2 and/or SSLv3 protocols.","The SSLv2 and SSLv3 protocols contain known cryptographic
  flaws like:

  - CVE-2014-3566: Padding Oracle On Downgraded Legacy Encryption (POODLE)

  - CVE-2016-0800: Decrypting RSA with Obsolete and Weakened eNcryption (DROWN)","Check the used SSL protocols of the services provided by this
  system.
Details:
SSL/TLS: Deprecated SSLv2 and SSLv3 Protocol Detection
(OID: 1.3.6.1.4.1.25623.1.0.111012)
Version used: 2024-09-27T05:05:23Z
","Product: cpe:/a:ietf:transport_layer_security:1.0
Method: SSL/TLS: Version Detection
(OID: 1.3.6.1.4.1.25623.1.0.105782)
","","DFN-CERT-2018-0096,DFN-CERT-2017-1238,DFN-CERT-2017-1236,DFN-CERT-2016-1929,DFN-CERT-2016-1527,DFN-CERT-2016-1468,DFN-CERT-2016-1216,DFN-CERT-2016-1174,DFN-CERT-2016-1168,DFN-CERT-2016-0884,DFN-CERT-2016-0841,DFN-CERT-2016-0644,DFN-CERT-2016-0642,DFN-CERT-2016-0496,DFN-CERT-2016-0495,DFN-CERT-2016-0465,DFN-CERT-2016-0459,DFN-CERT-2016-0453,DFN-CERT-2016-0451,DFN-CERT-2016-0415,DFN-CERT-2016-0403,DFN-CERT-2016-0388,DFN-CERT-2016-0360,DFN-CERT-2016-0359,DFN-CERT-2016-0357,DFN-CERT-2016-0171,DFN-CERT-2015-1431,DFN-CERT-2015-1075,DFN-CERT-2015-1026,DFN-CERT-2015-0664,DFN-CERT-2015-0548,DFN-CERT-2015-0404,DFN-CERT-2015-0396,DFN-CERT-2015-0259,DFN-CERT-2015-0254,DFN-CERT-2015-0245,DFN-CERT-2015-0118,DFN-CERT-2015-0114,DFN-CERT-2015-0083,DFN-CERT-2015-0082,DFN-CERT-2015-0081,DFN-CERT-2015-0076,DFN-CERT-2014-1717,DFN-CERT-2014-1680,DFN-CERT-2014-1632,DFN-CERT-2014-1564,DFN-CERT-2014-1542,DFN-CERT-2014-1414,DFN-CERT-2014-1366,DFN-CERT-2014-1354,WID-SEC-2023-0431,WID-SEC-2023-0427,CB-K18/0094,CB-K17/1198,CB-K17/1196,CB-K16/1828,CB-K16/1438,CB-K16/1384,CB-K16/1141,CB-K16/1107,CB-K16/1102,CB-K16/0792,CB-K16/0599,CB-K16/0597,CB-K16/0459,CB-K16/0456,CB-K16/0433,CB-K16/0424,CB-K16/0415,CB-K16/0413,CB-K16/0374,CB-K16/0367,CB-K16/0331,CB-K16/0329,CB-K16/0328,CB-K16/0156,CB-K15/1514,CB-K15/1358,CB-K15/1021,CB-K15/0972,CB-K15/0637,CB-K15/0590,CB-K15/0525,CB-K15/0393,CB-K15/0384,CB-K15/0287,CB-K15/0252,CB-K15/0246,CB-K15/0237,CB-K15/0118,CB-K15/0110,CB-K15/0108,CB-K15/0080,CB-K15/0078,CB-K15/0077,CB-K15/0075,CB-K14/1617,CB-K14/1581,CB-K14/1537,CB-K14/1479,CB-K14/1458,CB-K14/1342,CB-K14/1314,CB-K14/1313,CB-K14/1311,CB-K14/1304,CB-K14/1296",""
192.168.254.146,,443,tcp,5.8,Medium,99,"Mitigation","HTTP Debugging Methods (TRACE/TRACK) Enabled","The remote web server supports the TRACE and/or TRACK
  methods. TRACE and TRACK are HTTP methods which are used to debug web server connections.","The web server has the following HTTP methods enabled: TRACE
",1.3.6.1.4.1.25623.1.0.11213,"CVE-2003-1567,CVE-2004-2320,CVE-2004-2763,CVE-2005-3398,CVE-2006-4683,CVE-2007-3008,CVE-2008-7253,CVE-2009-2823,CVE-2010-0386,CVE-2012-2223,CVE-2014-7883",bd621c88-7756-4f97-b0c3-75b10a8ccfec,"DVWA_26-1-2026",2026-01-26T17:09:11Z,d27050fc-1fd8-4896-88e2-1c3d3178f4cc,"An attacker may use this flaw to trick your legitimate web
  users to give him their credentials.","Disable the TRACE and TRACK methods in your web server
  configuration.

  Please see the manual of your web server or the references for more information.","Web servers with enabled TRACE and/or TRACK methods.","It has been shown that web servers supporting this methods
  are subject to cross-site-scripting attacks, dubbed XST for Cross-Site-Tracing, when used in
  conjunction with various weaknesses in browsers.","Checks if HTTP methods such as TRACE and TRACK are
  enabled and can be used.
Details:
HTTP Debugging Methods (TRACE/TRACK) Enabled
(OID: 1.3.6.1.4.1.25623.1.0.11213)
Version used: 2023-08-01T13:29:10Z
","","","DFN-CERT-2021-1825,DFN-CERT-2014-1018,DFN-CERT-2010-0020,CB-K14/0981",""
192.168.254.146,,80,tcp,5.8,Medium,99,"Mitigation","HTTP Debugging Methods (TRACE/TRACK) Enabled","The remote web server supports the TRACE and/or TRACK
  methods. TRACE and TRACK are HTTP methods which are used to debug web server connections.","The web server has the following HTTP methods enabled: TRACE
",1.3.6.1.4.1.25623.1.0.11213,"CVE-2003-1567,CVE-2004-2320,CVE-2004-2763,CVE-2005-3398,CVE-2006-4683,CVE-2007-3008,CVE-2008-7253,CVE-2009-2823,CVE-2010-0386,CVE-2012-2223,CVE-2014-7883",bd621c88-7756-4f97-b0c3-75b10a8ccfec,"DVWA_26-1-2026",2026-01-26T17:09:11Z,02417800-77aa-4cbe-82a0-18a86d3f8a8c,"An attacker may use this flaw to trick your legitimate web
  users to give him their credentials.","Disable the TRACE and TRACK methods in your web server
  configuration.

  Please see the manual of your web server or the references for more information.","Web servers with enabled TRACE and/or TRACK methods.","It has been shown that web servers supporting this methods
  are subject to cross-site-scripting attacks, dubbed XST for Cross-Site-Tracing, when used in
  conjunction with various weaknesses in browsers.","Checks if HTTP methods such as TRACE and TRACK are
  enabled and can be used.
Details:
HTTP Debugging Methods (TRACE/TRACK) Enabled
(OID: 1.3.6.1.4.1.25623.1.0.11213)
Version used: 2023-08-01T13:29:10Z
","","","DFN-CERT-2021-1825,DFN-CERT-2014-1018,DFN-CERT-2010-0020,CB-K14/0981",""
192.168.254.146,,80,tcp,5.3,Medium,80,"Mitigation","Apache HTTP Server /server-status Accessible (HTTP)","Requesting the URI /server-status provides information on the
  server activity and performance.","Vulnerable URL: http://192.168.254.146/server-status
",1.3.6.1.4.1.25623.1.0.10677,"CVE-2020-25073",bd621c88-7756-4f97-b0c3-75b10a8ccfec,"DVWA_26-1-2026",2026-01-26T17:09:11Z,82cca501-6dec-4af8-8a0c-efb82235c7da,"Requesting the URI /server-status gives throughout information
  about the currently running Apache to an attacker.","'- If this feature is unused commenting out the appropriate
  section in the web servers configuration is recommended

  - If this feature is used restricting access to trusted clients is recommended

  - If the FreedomBox software is running on the target update the software to a later version","'- All Apache installations with an enabled 'mod_status' module

  - FreedomBox through 20.13","server-status is a Apache HTTP Server handler provided by the
  'mod_status' module and used to retrieve the server's activity and performance.","Checks if the /server-status page of Apache is accessible.
Details:
Apache HTTP Server /server-status Accessible (HTTP)
(OID: 1.3.6.1.4.1.25623.1.0.10677)
Version used: 2023-10-13T05:06:10Z
","","","",""
192.168.254.146,,443,tcp,5.3,Medium,80,"Mitigation","SSL/TLS: Server Certificate / Certificate in Chain with RSA keys less than 2048 bits","The remote SSL/TLS server certificate and/or any of the
  certificates in the certificate chain is using a RSA key with less than 2048 bits.","The remote SSL/TLS server is using the following certificate(s) with a RSA key with less than 2048 bits (public-key-size:public-key-algorithm:serial:issuer):

1024:RSA:00:CN=localhost,O=Apache Friends,L=Berlin,ST=Berlin,C=DE (Server certificate)
",1.3.6.1.4.1.25623.1.0.150710,"",bd621c88-7756-4f97-b0c3-75b10a8ccfec,"DVWA_26-1-2026",2026-01-26T17:09:11Z,52dc61ac-6a7b-4feb-8456-8d102a7eac4b,"Using certificates with weak RSA key size can lead to
  unauthorized exposure of sensitive information.","Replace the certificate with a stronger key and reissue the
  certificates it signed.","","SSL/TLS certificates using RSA keys with less than 2048 bits are
  considered unsafe.","Checks the RSA keys size of the server certificate and all
  certificates in chain for a size < 2048 bit.
Details:
SSL/TLS: Server Certificate / Certificate in Chain with RSA keys less than 2...
(OID: 1.3.6.1.4.1.25623.1.0.150710)
Version used: 2021-12-10T12:48:00Z
","","","",""
192.168.254.146,,443,tcp,5.3,Medium,80,"Mitigation","Apache HTTP Server /server-status Accessible (HTTP)","Requesting the URI /server-status provides information on the
  server activity and performance.","Vulnerable URL: https://192.168.254.146/server-status
",1.3.6.1.4.1.25623.1.0.10677,"CVE-2020-25073",bd621c88-7756-4f97-b0c3-75b10a8ccfec,"DVWA_26-1-2026",2026-01-26T17:09:11Z,aa40f28b-c24a-4545-a6ef-c227202ccf17,"Requesting the URI /server-status gives throughout information
  about the currently running Apache to an attacker.","'- If this feature is unused commenting out the appropriate
  section in the web servers configuration is recommended

  - If this feature is used restricting access to trusted clients is recommended

  - If the FreedomBox software is running on the target update the software to a later version","'- All Apache installations with an enabled 'mod_status' module

  - FreedomBox through 20.13","server-status is a Apache HTTP Server handler provided by the
  'mod_status' module and used to retrieve the server's activity and performance.","Checks if the /server-status page of Apache is accessible.
Details:
Apache HTTP Server /server-status Accessible (HTTP)
(OID: 1.3.6.1.4.1.25623.1.0.10677)
Version used: 2023-10-13T05:06:10Z
","","","",""
192.168.254.146,,443,tcp,5.0,Medium,70,"Mitigation","Source Control Management (SCM) Files/Folders Accessible (HTTP)","The script attempts to identify files/folders of a SCM
  accessible at the webserver.","The following SCM files/folders were identified:

Match:      svn:wc:ra_dav:version-url
svn:wc:ra_dav:version-url
svn:wc:ra_dav:version-url
svn:wc:ra_dav:version-url
svn:wc:ra_dav:version-url
svn:wc:ra_dav:version-url
svn:wc:ra_dav:version-url
svn:wc:ra_dav:version-url
svn:wc:ra_dav:version-url
svn:wc:ra_dav:version-url
svn:wc:ra_dav:version-url
svn:wc:ra_dav:version-url
svn:wc:ra_dav:version-url
svn:wc:ra_dav:version-url
svn:wc:ra_dav:version-url
svn:wc:ra_dav:version-url
svn:wc:ra_dav:version-url
Used regex: svn:wc:
URL:        https://192.168.254.146/.svn/all-wcprops

Match:      svn:wc:ra_dav:version-url
svn:wc:ra_dav:version-url
svn:wc:ra_dav:version-url
Used regex: svn:wc:
URL:        https://192.168.254.146/config/.svn/all-wcprops

Match:      svn:wc:ra_dav:version-url
Used regex: svn:wc:
URL:        https://192.168.254.146/docs/.svn/all-wcprops

Match:      svn:wc:ra_dav:version-url
Used regex: svn:wc:
URL:        https://192.168.254.146/external/.svn/all-wcprops

Match:      svn:wc:ra_dav:version-url
Used regex: svn:wc:
URL:        https://192.168.254.146/dvwa/.svn/all-wcprops

Match:      svn:wc:ra_dav:version-url
Used regex: svn:wc:
URL:        https://192.168.254.146/external/phpids/.svn/all-wcprops

Match:      svn:wc:ra_dav:version-url
svn:wc:ra_dav:version-url
svn:wc:ra_dav:version-url
Used regex: svn:wc:
URL:        https://192.168.254.146/dvwa/includes/.svn/all-wcprops

Match:      svn:wc:ra_dav:version-url
svn:wc:ra_dav:version-url
svn:wc:ra_dav:version-url
Used regex: svn:wc:
URL:        https://192.168.254.146/external/phpids/0.6/.svn/all-wcprops

Match:      svn:wc:ra_dav:version-url
svn:wc:ra_dav:version-url
svn:wc:ra_dav:version-url
svn:wc:ra_dav:version-url
Used regex: svn:wc:
URL:        https://192.168.254.146/dvwa/includes/DBMS/.svn/all-wcprops

Match:      svn:wc:ra_dav:version-url
Used regex: svn:wc:
URL:        https://192.168.254.146/external/phpids/0.6/docs/.svn/all-wcprops

Match:      svn:wc:ra_dav:version-url
Used regex: svn:wc:
URL:        https://192.168.254.146/external/phpids/0.6/lib/.svn/all-wcprops

Match:      svn:wc:ra_dav:version-url
svn:wc:ra_dav:version-url
Used regex: svn:wc:
URL:        https://192.168.254.146/external/phpids/0.6/tests/.svn/all-wcprops

Match:      svn:wc:ra_dav:version-url
svn:wc:ra_dav:version-url
Used regex: svn:wc:
URL:        https://192.168.254.146/external/phpids/0.6/docs/examples/.svn/all-wcprops

Match:      svn:wc:ra_dav:version-url
svn:wc:ra_dav:version-url
svn:wc:ra_dav:version-url
svn:wc:ra_dav:version-url
svn:wc:ra_dav:version-url
svn:wc:ra_dav:version-url
svn:wc:ra_dav:version-url
svn:wc:ra_dav:version-url
svn:wc:ra_dav:version-url
Used regex: svn:wc:
URL:        https://192.168.254.146/external/phpids/0.6/docs/phpdocumentor/.svn/all-wcprops

Match:      svn:wc:ra_dav:version-url
svn:wc:ra_dav:version-url
svn:wc:ra_dav:version-url
svn:wc:ra_dav:version-url
svn:wc:ra_dav:version-url
svn:wc:ra_dav:version-url
svn:wc:ra_dav:version-url
svn:wc:ra_dav:version-url
svn:wc:ra_dav:version-url
Used regex: svn:wc:
URL:        https://192.168.254.146/external/phpids/0.6/lib/IDS/.svn/all-wcprops

Match:      svn:wc:ra_dav:version-url
svn:wc:ra_dav:version-url
svn:wc:ra_dav:version-url
svn:wc:ra_dav:version-url
svn:wc:ra_dav:version-url
svn:wc:ra_dav:version-url
svn:wc:ra_dav:version-url
svn:wc:ra_dav:version-url
svn:wc:ra_dav:version-url
svn:wc:ra_dav:version-url
svn:wc:ra_dav:version-url
svn:wc:ra_dav:version-url
svn:wc:ra_dav:version-url
svn:wc:ra_dav:version-url
svn:wc:ra_dav:version-url
svn:wc:ra_dav:version-url
svn:wc:ra_dav:version-url
svn:wc:ra_dav:version-url
svn:wc:ra_dav:version-url
svn:wc:ra_dav:version-url
svn:wc:ra_dav:version-url
svn:wc:ra_dav:version-url
svn:wc:ra_dav:version-url
svn:wc:ra_dav:version-url
svn:wc:ra_dav:version-url
Used regex: svn:wc:
URL:        https://192.168.254.146/external/phpids/0.6/tests/coverage/.svn/all-wcprops
",1.3.6.1.4.1.25623.1.0.111084,"",bd621c88-7756-4f97-b0c3-75b10a8ccfec,"DVWA_26-1-2026",2026-01-26T17:09:11Z,87945c71-c5c3-4e39-bb6f-cd32ee3ee938,"Based on the information provided in these files/folders an
  attacker might be able to gather additional info about the structure of the system and its
  applications.","Restrict access to the SCM files/folders for authorized systems
  only.","","Currently the script is checking for files/folders of the
  following SCM software:

  - Git (.git)

  - Mercurial (.hg)

  - Bazaar (.bzr)

  - CVS (CVS/Root, CVS/Entries)

  - Subversion (.svn)","Check the response if SCM files/folders are accessible.
Details:
Source Control Management (SCM) Files/Folders Accessible (HTTP)
(OID: 1.3.6.1.4.1.25623.1.0.111084)
Version used: 2023-08-01T13:29:10Z
","","","",""
192.168.254.146,,443,tcp,5.0,Medium,70,"Mitigation","Missing Secure Cookie Attribute (HTTP)","The remote HTTP web server / application is missing to set the
  'Secure' cookie attribute for one or more sent HTTP cookie.","The cookie(s):

Set-Cookie: PHPSESSID=***replaced***; path=/
Set-Cookie: security=high

is/are missing the ""Secure"" cookie attribute.
",1.3.6.1.4.1.25623.1.0.902661,"",bd621c88-7756-4f97-b0c3-75b10a8ccfec,"DVWA_26-1-2026",2026-01-26T17:09:11Z,73859ef9-d56b-4e25-b3b4-caf89258eda3,"","'- Set the 'Secure' cookie attribute for any cookies that are
  sent over a SSL/TLS connection

  - Evaluate / do an own assessment of the security impact on the web server / application and create
  an override for this result if there is none (this can't be checked automatically by this VT)","Any web application accessible via a SSL/TLS connection (HTTPS)
  and at the same time also accessible over a cleartext connection (HTTP).","The flaw exists if a cookie is not using the 'Secure' cookie
  attribute and is sent over a SSL/TLS connection.

  This allows a cookie to be passed to the server by the client over non-secure channels (HTTP) and
  subsequently allows an attacker to e.g. conduct session hijacking attacks.","Checks all cookies sent by the remote HTTP web server /
  application over a SSL/TLS connection for a missing 'Secure' cookie attribute.
Details:
Missing 'Secure' Cookie Attribute (HTTP)
(OID: 1.3.6.1.4.1.25623.1.0.902661)
Version used: 2024-09-27T05:05:23Z
","","","",""
192.168.254.146,,443,tcp,5.0,Medium,70,"Mitigation","Missing HttpOnly Cookie Attribute (HTTP)","The remote HTTP web server / application is missing to set the
  'HttpOnly' cookie attribute for one or more sent HTTP cookie.","The cookie(s):

Set-Cookie: PHPSESSID=***replaced***; path=/
Set-Cookie: security=high

is/are missing the ""HttpOnly"" cookie attribute.
",1.3.6.1.4.1.25623.1.0.105925,"",bd621c88-7756-4f97-b0c3-75b10a8ccfec,"DVWA_26-1-2026",2026-01-26T17:09:11Z,a53e245f-d186-4738-8e6e-d45d42c784a8,"","'- Set the 'HttpOnly' cookie attribute for any session cookie

  - Evaluate / do an own assessment of the security impact on the web server / application and create
  an override for this result if there is none (this can't be checked automatically by this VT)","Any web application with session handling in cookies.","The flaw exists if a session cookie is not using the 'HttpOnly'
  cookie attribute.

  This allows a cookie to be accessed by JavaScript which could lead to session hijacking
  attacks.","Checks all cookies sent by the remote HTTP web server /
  application for a missing 'HttpOnly' cookie attribute.
Details:
Missing 'HttpOnly' Cookie Attribute (HTTP)
(OID: 1.3.6.1.4.1.25623.1.0.105925)
Version used: 2024-01-12T16:12:12Z
","","","",""
192.168.254.146,,443,tcp,5.0,Medium,99,"Mitigation","SSL/TLS: Certificate Expired","The remote server's SSL/TLS certificate has already expired.","The certificate of the remote service expired on 2010-09-30 09:10:30.

Certificate details:
fingerprint (SHA-1)             | C4C9A1DC528D41AC1988F65DB62F9CA922FBE711
fingerprint (SHA-256)           | 9DE541B039CFDB96C7810DF49EFD958B28CC2DF73E314F67C1A91469A2B19796
issued by                       | CN=localhost,O=Apache Friends,L=Berlin,ST=Berlin,C=DE
public key algorithm            | RSA
public key size (bits)          | 1024
serial                          | 00
signature algorithm             | md5WithRSAEncryption
subject                         | CN=localhost,O=Apache Friends,L=Berlin,ST=Berlin,C=DE
subject alternative names (SAN) | None
valid from                      | 2004-10-01 09:10:30 UTC
valid until                     | 2010-09-30 09:10:30 UTC
",1.3.6.1.4.1.25623.1.0.103955,"",bd621c88-7756-4f97-b0c3-75b10a8ccfec,"DVWA_26-1-2026",2026-01-26T17:09:11Z,27fa5785-c82b-42f8-9a8d-3e97cf8ed4b5,"","Replace the SSL/TLS certificate by a new one.","","This script checks expiry dates of certificates associated with
  SSL/TLS-enabled services on the target and reports whether any have already expired.","
Details:
SSL/TLS: Certificate Expired
(OID: 1.3.6.1.4.1.25623.1.0.103955)
Version used: 2024-06-14T05:05:48Z
","Product: cpe:/a:ietf:transport_layer_security
Method: SSL/TLS: Collect and Report Certificate Details
(OID: 1.3.6.1.4.1.25623.1.0.103692)
","","",""
192.168.254.146,,80,tcp,5.0,Medium,99,"Mitigation","Apache Subversion Module Metadata Accessible","Apache Subversion Module Metadata accessible via HTTP","It was possible to retrieve the contents of "".svn/entries"" using the following URLs : 

http://192.168.254.146/.svn/entries

",1.3.6.1.4.1.25623.1.0.105099,"",bd621c88-7756-4f97-b0c3-75b10a8ccfec,"DVWA_26-1-2026",2026-01-26T17:09:11Z,92c6bfed-8143-4e0c-9e50-b0369c87f7f4,"","Restrict access to the .svn directories.","","","Try to read '.svn/entries'.
Details:
Apache Subversion Module Metadata Accessible
(OID: 1.3.6.1.4.1.25623.1.0.105099)
Version used: 2023-07-26T05:05:09Z
","","","",""
192.168.254.146,,443,tcp,5.0,Medium,99,"Mitigation","SSL/TLS: Known Untrusted / Dangerous Certificate Authority (CA) Detection","The service is using an SSL/TLS certificate from a known
  untrusted and/or dangerous certificate authority (CA).","The certificate of the remote service is signed by the following untrusted and/or dangerous CA:

Issuer: CN=localhost,O=Apache Friends,L=Berlin,ST=Berlin,C=DE

Certificate details:
fingerprint (SHA-1)             | C4C9A1DC528D41AC1988F65DB62F9CA922FBE711
fingerprint (SHA-256)           | 9DE541B039CFDB96C7810DF49EFD958B28CC2DF73E314F67C1A91469A2B19796
issued by                       | CN=localhost,O=Apache Friends,L=Berlin,ST=Berlin,C=DE
public key algorithm            | RSA
public key size (bits)          | 1024
serial                          | 00
signature algorithm             | md5WithRSAEncryption
subject                         | CN=localhost,O=Apache Friends,L=Berlin,ST=Berlin,C=DE
subject alternative names (SAN) | None
valid from                      | 2004-10-01 09:10:30 UTC
valid until                     | 2010-09-30 09:10:30 UTC
",1.3.6.1.4.1.25623.1.0.113054,"",bd621c88-7756-4f97-b0c3-75b10a8ccfec,"DVWA_26-1-2026",2026-01-26T17:09:11Z,dd4ecd7a-f16d-4f72-bde2-035009089c54,"An attacker could use this for man-in-the-middle (MITM) attacks,
  accessing sensible data and other attacks.","Replace the SSL/TLS certificate with one signed by a trusted
  CA.","","","The script reads the certificate used by the target host and
  checks if it was signed by a known untrusted and/or dangerous CA.
Details:
SSL/TLS: Known Untrusted / Dangerous Certificate Authority (CA) Detection
(OID: 1.3.6.1.4.1.25623.1.0.113054)
Version used: 2024-06-14T05:05:48Z
","Product: cpe:/a:ietf:transport_layer_security
Method: SSL/TLS: Collect and Report Certificate Details
(OID: 1.3.6.1.4.1.25623.1.0.103692)
","","",""
192.168.254.146,,443,tcp,5.0,Medium,99,"Mitigation","Apache Subversion Module Metadata Accessible","Apache Subversion Module Metadata accessible via HTTP","It was possible to retrieve the contents of "".svn/entries"" using the following URLs : 

https://192.168.254.146/.svn/entries

",1.3.6.1.4.1.25623.1.0.105099,"",bd621c88-7756-4f97-b0c3-75b10a8ccfec,"DVWA_26-1-2026",2026-01-26T17:09:11Z,e4d74620-0592-4196-a459-ca099ed83a94,"","Restrict access to the .svn directories.","","","Try to read '.svn/entries'.
Details:
Apache Subversion Module Metadata Accessible
(OID: 1.3.6.1.4.1.25623.1.0.105099)
Version used: 2023-07-26T05:05:09Z
","","","",""
192.168.254.146,,80,tcp,5.0,Medium,80,"Mitigation","Backup File Scanner (HTTP) - Reliable Detection Reporting","The script reports backup files left on the web server.","The following backup files were identified (<URL>:<Matching pattern>):

http://192.168.254.146/config/config.inc.php~:^<\?(php|=)
",1.3.6.1.4.1.25623.1.0.108976,"",bd621c88-7756-4f97-b0c3-75b10a8ccfec,"DVWA_26-1-2026",2026-01-26T17:09:11Z,268dc8cb-a94c-453f-942e-435ad5f29fc3,"Based on the information provided in these files an attacker might
  be able to gather sensitive information stored in these files.","Delete the backup files.","","Notes:

  - 'Reliable Detection' means that a file was detected based on a strict (regex) and reliable
  pattern matching the response of the remote web server when a file was requested.

  - As the VT 'Backup File Scanner (HTTP)' (OID: 1.3.6.1.4.1.25623.1.0.140853) might run into a
  timeout the actual reporting of this vulnerability takes place in this VT instead.","Reports previous enumerated backup files accessible on the
  remote web server.
Details:
Backup File Scanner (HTTP) - Reliable Detection Reporting
(OID: 1.3.6.1.4.1.25623.1.0.108976)
Version used: 2022-09-13T10:15:09Z
","","","",""
192.168.254.146,,443,tcp,5.0,Medium,80,"Mitigation","Backup File Scanner (HTTP) - Reliable Detection Reporting","The script reports backup files left on the web server.","The following backup files were identified (<URL>:<Matching pattern>):

https://192.168.254.146/config/config.inc.php~:^<\?(php|=)
",1.3.6.1.4.1.25623.1.0.108976,"",bd621c88-7756-4f97-b0c3-75b10a8ccfec,"DVWA_26-1-2026",2026-01-26T17:09:11Z,84c58756-7ec6-4ad9-a78a-fda6f600e7d6,"Based on the information provided in these files an attacker might
  be able to gather sensitive information stored in these files.","Delete the backup files.","","Notes:

  - 'Reliable Detection' means that a file was detected based on a strict (regex) and reliable
  pattern matching the response of the remote web server when a file was requested.

  - As the VT 'Backup File Scanner (HTTP)' (OID: 1.3.6.1.4.1.25623.1.0.140853) might run into a
  timeout the actual reporting of this vulnerability takes place in this VT instead.","Reports previous enumerated backup files accessible on the
  remote web server.
Details:
Backup File Scanner (HTTP) - Reliable Detection Reporting
(OID: 1.3.6.1.4.1.25623.1.0.108976)
Version used: 2022-09-13T10:15:09Z
","","","",""
192.168.254.146,,80,tcp,5.0,Medium,80,"Workaround","Apache HTTP Server /server-info Accessible (HTTP)","Requesting the URI /server-info provides a comprehensive
  overview of the server configuration.","Vulnerable URL: http://192.168.254.146/server-info
",1.3.6.1.4.1.25623.1.0.10678,"",bd621c88-7756-4f97-b0c3-75b10a8ccfec,"DVWA_26-1-2026",2026-01-26T17:09:11Z,a717e59b-9ec1-4956-b6ae-8ae914aae9f3,"Requesting the URI /server-info gives throughout information
  about the currently running Apache to an attacker.","'- If this feature is unused commenting out the appropriate
  section in the web servers configuration is recommended.

  - If this feature is used restricting access to trusted clients is recommended.","All Apache installations with an enabled 'mod_info' module.","server-info is a Apache HTTP Server handler provided by the
  'mod_info' module and used to retrieve the server's configuration.","Checks if the /server-info page of Apache is accessible.
Details:
Apache HTTP Server /server-info Accessible (HTTP)
(OID: 1.3.6.1.4.1.25623.1.0.10678)
Version used: 2023-10-13T05:06:10Z
","","","",""
192.168.254.146,,443,tcp,5.0,Medium,80,"Workaround","Apache HTTP Server /server-info Accessible (HTTP)","Requesting the URI /server-info provides a comprehensive
  overview of the server configuration.","Vulnerable URL: https://192.168.254.146/server-info
",1.3.6.1.4.1.25623.1.0.10678,"",bd621c88-7756-4f97-b0c3-75b10a8ccfec,"DVWA_26-1-2026",2026-01-26T17:09:11Z,277426e8-1e3f-45ba-b437-69750c03b0ce,"Requesting the URI /server-info gives throughout information
  about the currently running Apache to an attacker.","'- If this feature is unused commenting out the appropriate
  section in the web servers configuration is recommended.

  - If this feature is used restricting access to trusted clients is recommended.","All Apache installations with an enabled 'mod_info' module.","server-info is a Apache HTTP Server handler provided by the
  'mod_info' module and used to retrieve the server's configuration.","Checks if the /server-info page of Apache is accessible.
Details:
Apache HTTP Server /server-info Accessible (HTTP)
(OID: 1.3.6.1.4.1.25623.1.0.10678)
Version used: 2023-10-13T05:06:10Z
","","","",""
192.168.254.146,,80,tcp,5.0,Medium,70,"Mitigation","Source Control Management (SCM) Files/Folders Accessible (HTTP)","The script attempts to identify files/folders of a SCM
  accessible at the webserver.","The following SCM files/folders were identified:

Match:      svn:wc:ra_dav:version-url
svn:wc:ra_dav:version-url
svn:wc:ra_dav:version-url
svn:wc:ra_dav:version-url
svn:wc:ra_dav:version-url
svn:wc:ra_dav:version-url
svn:wc:ra_dav:version-url
svn:wc:ra_dav:version-url
svn:wc:ra_dav:version-url
svn:wc:ra_dav:version-url
svn:wc:ra_dav:version-url
svn:wc:ra_dav:version-url
svn:wc:ra_dav:version-url
svn:wc:ra_dav:version-url
svn:wc:ra_dav:version-url
svn:wc:ra_dav:version-url
svn:wc:ra_dav:version-url
Used regex: svn:wc:
URL:        http://192.168.254.146/.svn/all-wcprops

Match:      svn:wc:ra_dav:version-url
svn:wc:ra_dav:version-url
svn:wc:ra_dav:version-url
Used regex: svn:wc:
URL:        http://192.168.254.146/config/.svn/all-wcprops

Match:      svn:wc:ra_dav:version-url
Used regex: svn:wc:
URL:        http://192.168.254.146/docs/.svn/all-wcprops

Match:      svn:wc:ra_dav:version-url
Used regex: svn:wc:
URL:        http://192.168.254.146/external/.svn/all-wcprops

Match:      svn:wc:ra_dav:version-url
Used regex: svn:wc:
URL:        http://192.168.254.146/dvwa/.svn/all-wcprops

Match:      svn:wc:ra_dav:version-url
Used regex: svn:wc:
URL:        http://192.168.254.146/external/phpids/.svn/all-wcprops

Match:      svn:wc:ra_dav:version-url
svn:wc:ra_dav:version-url
svn:wc:ra_dav:version-url
Used regex: svn:wc:
URL:        http://192.168.254.146/dvwa/includes/.svn/all-wcprops

Match:      svn:wc:ra_dav:version-url
svn:wc:ra_dav:version-url
svn:wc:ra_dav:version-url
Used regex: svn:wc:
URL:        http://192.168.254.146/external/phpids/0.6/.svn/all-wcprops

Match:      svn:wc:ra_dav:version-url
svn:wc:ra_dav:version-url
svn:wc:ra_dav:version-url
svn:wc:ra_dav:version-url
Used regex: svn:wc:
URL:        http://192.168.254.146/dvwa/includes/DBMS/.svn/all-wcprops

Match:      svn:wc:ra_dav:version-url
Used regex: svn:wc:
URL:        http://192.168.254.146/external/phpids/0.6/docs/.svn/all-wcprops

Match:      svn:wc:ra_dav:version-url
Used regex: svn:wc:
URL:        http://192.168.254.146/external/phpids/0.6/lib/.svn/all-wcprops

Match:      svn:wc:ra_dav:version-url
svn:wc:ra_dav:version-url
Used regex: svn:wc:
URL:        http://192.168.254.146/external/phpids/0.6/tests/.svn/all-wcprops

Match:      svn:wc:ra_dav:version-url
svn:wc:ra_dav:version-url
Used regex: svn:wc:
URL:        http://192.168.254.146/external/phpids/0.6/docs/examples/.svn/all-wcprops

Match:      svn:wc:ra_dav:version-url
svn:wc:ra_dav:version-url
svn:wc:ra_dav:version-url
svn:wc:ra_dav:version-url
svn:wc:ra_dav:version-url
svn:wc:ra_dav:version-url
svn:wc:ra_dav:version-url
svn:wc:ra_dav:version-url
svn:wc:ra_dav:version-url
Used regex: svn:wc:
URL:        http://192.168.254.146/external/phpids/0.6/docs/phpdocumentor/.svn/all-wcprops

Match:      svn:wc:ra_dav:version-url
svn:wc:ra_dav:version-url
svn:wc:ra_dav:version-url
svn:wc:ra_dav:version-url
svn:wc:ra_dav:version-url
svn:wc:ra_dav:version-url
svn:wc:ra_dav:version-url
svn:wc:ra_dav:version-url
svn:wc:ra_dav:version-url
Used regex: svn:wc:
URL:        http://192.168.254.146/external/phpids/0.6/lib/IDS/.svn/all-wcprops

Match:      svn:wc:ra_dav:version-url
svn:wc:ra_dav:version-url
svn:wc:ra_dav:version-url
svn:wc:ra_dav:version-url
svn:wc:ra_dav:version-url
svn:wc:ra_dav:version-url
svn:wc:ra_dav:version-url
svn:wc:ra_dav:version-url
svn:wc:ra_dav:version-url
svn:wc:ra_dav:version-url
svn:wc:ra_dav:version-url
svn:wc:ra_dav:version-url
svn:wc:ra_dav:version-url
svn:wc:ra_dav:version-url
svn:wc:ra_dav:version-url
svn:wc:ra_dav:version-url
svn:wc:ra_dav:version-url
svn:wc:ra_dav:version-url
svn:wc:ra_dav:version-url
svn:wc:ra_dav:version-url
svn:wc:ra_dav:version-url
svn:wc:ra_dav:version-url
svn:wc:ra_dav:version-url
svn:wc:ra_dav:version-url
svn:wc:ra_dav:version-url
Used regex: svn:wc:
URL:        http://192.168.254.146/external/phpids/0.6/tests/coverage/.svn/all-wcprops

Match:      svn:wc:ra_dav:version-url
svn:wc:ra_dav:version-url
svn:wc:ra_dav:version-url
svn:wc:ra_dav:version-url
svn:wc:ra_dav:version-url
Used regex: svn:wc:
URL:        http://192.168.254.146/external/phpids/0.6/docs/examples/cakephp/.svn/all-wcprops

Match:      svn:wc:ra_dav:version-url
svn:wc:ra_dav:version-url
svn:wc:ra_dav:version-url
svn:wc:ra_dav:version-url
svn:wc:ra_dav:version-url
svn:wc:ra_dav:version-url
svn:wc:ra_dav:version-url
Used regex: svn:wc:
URL:        http://192.168.254.146/external/phpids/0.6/lib/IDS/Caching/.svn/all-wcprops

Match:      svn:wc:ra_dav:version-url
svn:wc:ra_dav:version-url
Used regex: svn:wc:
URL:        http://192.168.254.146/external/phpids/0.6/lib/IDS/Config/.svn/all-wcprops

Match:      svn:wc:ra_dav:version-url
svn:wc:ra_dav:version-url
Used regex: svn:wc:
URL:        http://192.168.254.146/external/phpids/0.6/lib/IDS/Filter/.svn/all-wcprops

Match:      svn:wc:ra_dav:version-url
svn:wc:ra_dav:version-url
svn:wc:ra_dav:version-url
svn:wc:ra_dav:version-url
svn:wc:ra_dav:version-url
svn:wc:ra_dav:version-url
Used regex: svn:wc:
URL:        http://192.168.254.146/external/phpids/0.6/lib/IDS/Log/.svn/all-wcprops

Match:      svn:wc:ra_dav:version-url
svn:wc:ra_dav:version-url
Used regex: svn:wc:
URL:        http://192.168.254.146/external/phpids/0.6/lib/IDS/tmp/.svn/all-wcprops

Match:      svn:wc:ra_dav:version-url
Used regex: svn:wc:
URL:        http://192.168.254.146/external/phpids/0.6/lib/IDS/vendors/.svn/all-wcprops

Match:      svn:wc:ra_dav:version-url
svn:wc:ra_dav:version-url
svn:wc:ra_dav:version-url
Used regex: svn:wc:
URL:        http://192.168.254.146/external/phpids/0.6/docs/phpdocumentor/media/.svn/all-wcprops

Match:      svn:wc:ra_dav:version-url
svn:wc:ra_dav:version-url
svn:wc:ra_dav:version-url
svn:wc:ra_dav:version-url
svn:wc:ra_dav:version-url
svn:wc:ra_dav:version-url
svn:wc:ra_dav:version-url
svn:wc:ra_dav:version-url
svn:wc:ra_dav:version-url
svn:wc:ra_dav:version-url
svn:wc:ra_dav:version-url
svn:wc:ra_dav:version-url
svn:wc:ra_dav:version-url
svn:wc:ra_dav:version-url
svn:wc:ra_dav:version-url
svn:wc:ra_dav:version-url
svn:wc:ra_dav:version-url
svn:wc:ra_dav:version-url
svn:wc:ra_dav:version-url
svn:wc:ra_dav:version-url
svn:wc:ra_dav:version-url
svn:wc:ra_dav:version-url
svn:wc:ra_dav:version-url
svn:wc:ra_dav:version-url
svn:wc:ra_dav:version-url
svn:wc:ra_dav:version-url
svn:wc:ra_dav:version-url
svn:wc:ra_dav:version-url
svn:wc:ra_dav:version-url
svn:wc:ra_dav:version-url
svn:wc:ra_dav:version-url
svn:wc:ra_dav:version-url
svn:wc:ra_dav:version-url
svn:wc:ra_dav:version-url
svn:wc:ra_dav:version-url
svn:wc:ra_dav:version-url
svn:wc:ra_dav:version-url
svn:wc:ra_dav:version-url
svn:wc:ra_dav:version-url
svn:wc:ra_dav:version-url
Used regex: svn:wc:
URL:        http://192.168.254.146/external/phpids/0.6/docs/phpdocumentor/PHPIDS/.svn/all-wcprops

Match:      svn:wc:ra_dav:version-url
svn:wc:ra_dav:version-url
svn:wc:ra_dav:version-url
svn:wc:ra_dav:version-url
svn:wc:ra_dav:version-url
svn:wc:ra_dav:version-url
svn:wc:ra_dav:version-url
svn:wc:ra_dav:version-url
svn:wc:ra_dav:version-url
Used regex: svn:wc:
URL:        http://192.168.254.146/external/phpids/0.6/lib/IDS/vendors/htmlpurifier/.svn/all-wcprops
",1.3.6.1.4.1.25623.1.0.111084,"",bd621c88-7756-4f97-b0c3-75b10a8ccfec,"DVWA_26-1-2026",2026-01-26T17:09:11Z,81dd798c-b4f8-454f-9f46-cc6bb5de2f52,"Based on the information provided in these files/folders an
  attacker might be able to gather additional info about the structure of the system and its
  applications.","Restrict access to the SCM files/folders for authorized systems
  only.","","Currently the script is checking for files/folders of the
  following SCM software:

  - Git (.git)

  - Mercurial (.hg)

  - Bazaar (.bzr)

  - CVS (CVS/Root, CVS/Entries)

  - Subversion (.svn)","Check the response if SCM files/folders are accessible.
Details:
Source Control Management (SCM) Files/Folders Accessible (HTTP)
(OID: 1.3.6.1.4.1.25623.1.0.111084)
Version used: 2023-08-01T13:29:10Z
","","","",""
192.168.254.146,,80,tcp,5.0,Medium,70,"Mitigation","Missing HttpOnly Cookie Attribute (HTTP)","The remote HTTP web server / application is missing to set the
  'HttpOnly' cookie attribute for one or more sent HTTP cookie.","The cookie(s):

Set-Cookie: PHPSESSID=***replaced***; path=/
Set-Cookie: security=high

is/are missing the ""HttpOnly"" cookie attribute.
",1.3.6.1.4.1.25623.1.0.105925,"",bd621c88-7756-4f97-b0c3-75b10a8ccfec,"DVWA_26-1-2026",2026-01-26T17:09:11Z,726ba37c-39b3-4edf-843d-c8558e57e2e3,"","'- Set the 'HttpOnly' cookie attribute for any session cookie

  - Evaluate / do an own assessment of the security impact on the web server / application and create
  an override for this result if there is none (this can't be checked automatically by this VT)","Any web application with session handling in cookies.","The flaw exists if a session cookie is not using the 'HttpOnly'
  cookie attribute.

  This allows a cookie to be accessed by JavaScript which could lead to session hijacking
  attacks.","Checks all cookies sent by the remote HTTP web server /
  application for a missing 'HttpOnly' cookie attribute.
Details:
Missing 'HttpOnly' Cookie Attribute (HTTP)
(OID: 1.3.6.1.4.1.25623.1.0.105925)
Version used: 2024-01-12T16:12:12Z
","","","",""
192.168.254.146,,80,tcp,4.8,Medium,80,"Workaround","Cleartext Transmission of Sensitive Information via HTTP","The host / application transmits sensitive information (username, passwords) in
  cleartext via HTTP.","The following input fields were identified (URL:input name):

http://192.168.254.146/login.php:password
",1.3.6.1.4.1.25623.1.0.108440,"",bd621c88-7756-4f97-b0c3-75b10a8ccfec,"DVWA_26-1-2026",2026-01-26T17:09:11Z,35b646e7-d349-4222-9152-05a44f2f82dc,"An attacker could use this situation to compromise or eavesdrop on the
  HTTP communication between the client and the server using a man-in-the-middle attack to get access to
  sensitive data like usernames or passwords.","Enforce the transmission of sensitive data via an encrypted SSL/TLS connection.
  Additionally make sure the host / application is redirecting all users to the secured SSL/TLS connection before
  allowing to input sensitive data into the mentioned functions.","Hosts / applications which doesn't enforce the transmission of sensitive data via an
  encrypted SSL/TLS connection.","","Evaluate previous collected information and check if the host / application is not
  enforcing the transmission of sensitive data via an encrypted SSL/TLS connection.

  The script is currently checking the following:

  - HTTP Basic Authentication (Basic Auth)

  - HTTP Forms (e.g. Login) with input field of type 'password'
Details:
Cleartext Transmission of Sensitive Information via HTTP
(OID: 1.3.6.1.4.1.25623.1.0.108440)
Version used: 2023-09-07T05:05:21Z
","","","",""
192.168.254.146,,21,tcp,4.8,Medium,70,"Mitigation","FTP Unencrypted Cleartext Login","The remote host is running a FTP service that allows cleartext logins over
  unencrypted connections.","The remote FTP service accepts logins without a previous sent 'AUTH TLS' command. Response(s):

Non-anonymous sessions: 331 Password required for openvasvt
Anonymous sessions:     331 Password required for anonymous
",1.3.6.1.4.1.25623.1.0.108528,"",bd621c88-7756-4f97-b0c3-75b10a8ccfec,"DVWA_26-1-2026",2026-01-26T17:09:11Z,3dd59115-32fa-4c4b-ac94-3b726297cbb9,"An attacker can uncover login names and passwords by sniffing traffic to the
  FTP service.","Enable FTPS or enforce the connection via the 'AUTH TLS' command. Please see
  the manual of the FTP service for more information.","","","Tries to login to a non FTPS enabled FTP service without sending a
  'AUTH TLS' command first and checks if the service is accepting the login without enforcing the use of
  the 'AUTH TLS' command.
Details:
FTP Unencrypted Cleartext Login
(OID: 1.3.6.1.4.1.25623.1.0.108528)
Version used: 2023-12-20T05:05:58Z
","","","",""
192.168.254.146,,443,tcp,4.3,Medium,80,"VendorFix","SSL/TLS: RSA Temporary Key Handling RSA_EXPORT Downgrade Issue (FREAK)","This host is accepting 'RSA_EXPORT' cipher suites
  and is prone to man in the middle attack.","'RSA_EXPORT' cipher suites accepted by this service via the SSLv3 protocol:

TLS_DHE_RSA_EXPORT_WITH_DES40_CBC_SHA
TLS_RSA_EXPORT_WITH_DES40_CBC_SHA
TLS_RSA_EXPORT_WITH_RC2_CBC_40_MD5
TLS_RSA_EXPORT_WITH_RC4_40_MD5

'RSA_EXPORT' cipher suites accepted by this service via the TLSv1.0 protocol:

TLS_DHE_RSA_EXPORT_WITH_DES40_CBC_SHA
TLS_RSA_EXPORT_WITH_DES40_CBC_SHA
TLS_RSA_EXPORT_WITH_RC2_CBC_40_MD5
TLS_RSA_EXPORT_WITH_RC4_40_MD5


",1.3.6.1.4.1.25623.1.0.805142,"CVE-2015-0204",bd621c88-7756-4f97-b0c3-75b10a8ccfec,"DVWA_26-1-2026",2026-01-26T17:09:11Z,40cb44f8-02ef-492e-bb35-18afaeb04b3e,"Successful exploitation will allow remote
  attacker to downgrade the security of a session to use 'RSA_EXPORT' cipher suites,
  which are significantly weaker than non-export cipher suites. This may allow a
  man-in-the-middle attacker to more easily break the encryption and monitor
  or tamper with the encrypted stream.","'- Remove support for 'RSA_EXPORT' cipher
  suites from the service.

  - If running OpenSSL update to version 0.9.8zd or 1.0.0p
  or 1.0.1k or later.","'- Hosts accepting 'RSA_EXPORT' cipher suites

  - OpenSSL version before 0.9.8zd, 1.0.0 before 1.0.0p, and 1.0.1 before 1.0.1k.","Flaw is due to improper handling RSA
  temporary keys in a non-export RSA key exchange cipher suite.","Check previous collected cipher suites saved in the KB.
Details:
SSL/TLS: RSA Temporary Key Handling 'RSA_EXPORT' Downgrade Issue (FREAK)
(OID: 1.3.6.1.4.1.25623.1.0.805142)
Version used: 2024-09-30T08:38:05Z
","Product: cpe:/a:ietf:transport_layer_security
Method: SSL/TLS: Report Supported Cipher Suites
(OID: 1.3.6.1.4.1.25623.1.0.802067)
","","DFN-CERT-2018-1408,DFN-CERT-2016-1372,DFN-CERT-2016-1164,DFN-CERT-2016-0388,DFN-CERT-2015-1853,DFN-CERT-2015-1332,DFN-CERT-2015-0884,DFN-CERT-2015-0800,DFN-CERT-2015-0758,DFN-CERT-2015-0567,DFN-CERT-2015-0544,DFN-CERT-2015-0530,DFN-CERT-2015-0396,DFN-CERT-2015-0375,DFN-CERT-2015-0374,DFN-CERT-2015-0305,DFN-CERT-2015-0199,DFN-CERT-2015-0021,CB-K18/0799,CB-K16/1289,CB-K16/1096,CB-K15/1751,CB-K15/1266,CB-K15/0850,CB-K15/0764,CB-K15/0720,CB-K15/0548,CB-K15/0526,CB-K15/0509,CB-K15/0493,CB-K15/0384,CB-K15/0365,CB-K15/0364,CB-K15/0302,CB-K15/0192,CB-K15/0016",""
192.168.254.146,,443,tcp,4.3,Medium,99,"WillNotFix","phpMyAdmin error.php Cross Site Scripting Vulnerability","phpMyAdmin is prone to a cross-site scripting (XSS) vulnerability.","Vulnerability was detected according to the Vulnerability Detection Method.",1.3.6.1.4.1.25623.1.0.801660,"CVE-2010-4480",bd621c88-7756-4f97-b0c3-75b10a8ccfec,"DVWA_26-1-2026",2026-01-26T17:09:11Z,6479c910-738e-4239-ac04-e3a8660efead,"Successful exploitation will allow attackers to inject arbitrary
HTML code within the error page and conduct phishing attacks.","No known solution was made available for at least one year since the disclosure
  of this vulnerability. Likely none will be provided anymore. General solution options are to upgrade to a newer
  release, disable respective features, remove the product or replace the product by another one.","phpMyAdmin version 3.3.8.1 and prior.","The flaw is caused by input validation errors in the 'error.php'
script when processing crafted BBcode tags containing '@' characters, which
could allow attackers to inject arbitrary HTML code within the error page
and conduct phishing attacks.","
Details:
phpMyAdmin 'error.php' Cross Site Scripting Vulnerability
(OID: 1.3.6.1.4.1.25623.1.0.801660)
Version used: 2023-10-17T05:05:34Z
","","","DFN-CERT-2011-0467,DFN-CERT-2011-0451,DFN-CERT-2011-0016,DFN-CERT-2011-0002",""
192.168.254.146,,80,tcp,4.3,Medium,99,"WillNotFix","phpMyAdmin error.php Cross Site Scripting Vulnerability","phpMyAdmin is prone to a cross-site scripting (XSS) vulnerability.","Vulnerability was detected according to the Vulnerability Detection Method.",1.3.6.1.4.1.25623.1.0.801660,"CVE-2010-4480",bd621c88-7756-4f97-b0c3-75b10a8ccfec,"DVWA_26-1-2026",2026-01-26T17:09:11Z,dfd7992f-261c-428f-8bd5-5603ac70e01f,"Successful exploitation will allow attackers to inject arbitrary
HTML code within the error page and conduct phishing attacks.","No known solution was made available for at least one year since the disclosure
  of this vulnerability. Likely none will be provided anymore. General solution options are to upgrade to a newer
  release, disable respective features, remove the product or replace the product by another one.","phpMyAdmin version 3.3.8.1 and prior.","The flaw is caused by input validation errors in the 'error.php'
script when processing crafted BBcode tags containing '@' characters, which
could allow attackers to inject arbitrary HTML code within the error page
and conduct phishing attacks.","
Details:
phpMyAdmin 'error.php' Cross Site Scripting Vulnerability
(OID: 1.3.6.1.4.1.25623.1.0.801660)
Version used: 2023-10-17T05:05:34Z
","","","DFN-CERT-2011-0467,DFN-CERT-2011-0451,DFN-CERT-2011-0016,DFN-CERT-2011-0002",""
192.168.254.146,,443,tcp,4.3,Medium,70,"VendorFix","phpMyAdmin Setup $host Variable Cross Site Scripting Vulnerability","phpMyAdmin is prone to a cross-site scripting (XSS) vulnerability.","Vulnerability was detected according to the Vulnerability Detection Method.",1.3.6.1.4.1.25623.1.0.902802,"CVE-2011-4780,CVE-2011-4782",bd621c88-7756-4f97-b0c3-75b10a8ccfec,"DVWA_26-1-2026",2026-01-26T17:09:11Z,787e3488-ef35-41b4-abd4-d61092938c2d,"Successful exploitation will allow remote attackers to insert arbitrary HTML
  and script code, which will be executed in a user's browser session in the
  context of an affected site.","Upgrade to phpMyAdmin version 3.4.9 or later.","phpMyAdmin versions 3.4.x before 3.4.9","The flaw is due to improper validation of user-supplied input via
  the '$host' variable within the setup, which allows attackers to execute
  arbitrary HTML and script code in a user's browser session in the context
  of an affected site.","
Details:
phpMyAdmin Setup '$host' Variable Cross Site Scripting Vulnerability
(OID: 1.3.6.1.4.1.25623.1.0.902802)
Version used: 2023-10-27T05:05:28Z
","","","DFN-CERT-2012-0002,DFN-CERT-2012-0001",""
192.168.254.146,,443,tcp,4.3,Medium,70,"VendorFix","phpMyAdmin Setup Interface Cross Site Scripting Vulnerability","phpMyAdmin is prone to a cross-site scripting (XSS) vulnerability.","Vulnerability was detected according to the Vulnerability Detection Method.",1.3.6.1.4.1.25623.1.0.902585,"CVE-2011-4064",bd621c88-7756-4f97-b0c3-75b10a8ccfec,"DVWA_26-1-2026",2026-01-26T17:09:11Z,e7f6ca25-064a-45ee-ac61-dd61d70d05a5,"Successful exploitation will allow remote attackers to insert arbitrary HTML
  and script code, which will be executed in a user's browser session in the context of an affected site.","Upgrade to phpMyAdmin version 3.4.6 or later.","phpMyAdmin versions 3.4.x before 3.4.6.","The flaw is due to improper validation of user-supplied input
  via the 'Servers-0-verbose' parameter to setup/index.php, which allows
  attackers to execute arbitrary HTML and script code in a user's browser
  session in the context of an affected site.","
Details:
phpMyAdmin Setup Interface Cross Site Scripting Vulnerability
(OID: 1.3.6.1.4.1.25623.1.0.902585)
Version used: 2023-10-27T05:05:28Z
","","","DFN-CERT-2011-1746,DFN-CERT-2011-1636,DFN-CERT-2011-1618",""
192.168.254.146,,80,tcp,4.3,Medium,70,"VendorFix","phpMyAdmin Setup $host Variable Cross Site Scripting Vulnerability","phpMyAdmin is prone to a cross-site scripting (XSS) vulnerability.","Vulnerability was detected according to the Vulnerability Detection Method.",1.3.6.1.4.1.25623.1.0.902802,"CVE-2011-4780,CVE-2011-4782",bd621c88-7756-4f97-b0c3-75b10a8ccfec,"DVWA_26-1-2026",2026-01-26T17:09:11Z,cbf9eac8-fe30-4011-9042-7ce7076608eb,"Successful exploitation will allow remote attackers to insert arbitrary HTML
  and script code, which will be executed in a user's browser session in the
  context of an affected site.","Upgrade to phpMyAdmin version 3.4.9 or later.","phpMyAdmin versions 3.4.x before 3.4.9","The flaw is due to improper validation of user-supplied input via
  the '$host' variable within the setup, which allows attackers to execute
  arbitrary HTML and script code in a user's browser session in the context
  of an affected site.","
Details:
phpMyAdmin Setup '$host' Variable Cross Site Scripting Vulnerability
(OID: 1.3.6.1.4.1.25623.1.0.902802)
Version used: 2023-10-27T05:05:28Z
","","","DFN-CERT-2012-0002,DFN-CERT-2012-0001",""
192.168.254.146,,80,tcp,4.3,Medium,70,"VendorFix","phpMyAdmin Setup Interface Cross Site Scripting Vulnerability","phpMyAdmin is prone to a cross-site scripting (XSS) vulnerability.","Vulnerability was detected according to the Vulnerability Detection Method.",1.3.6.1.4.1.25623.1.0.902585,"CVE-2011-4064",bd621c88-7756-4f97-b0c3-75b10a8ccfec,"DVWA_26-1-2026",2026-01-26T17:09:11Z,86297146-701b-4b3c-9e77-11445aa41dbc,"Successful exploitation will allow remote attackers to insert arbitrary HTML
  and script code, which will be executed in a user's browser session in the context of an affected site.","Upgrade to phpMyAdmin version 3.4.6 or later.","phpMyAdmin versions 3.4.x before 3.4.6.","The flaw is due to improper validation of user-supplied input
  via the 'Servers-0-verbose' parameter to setup/index.php, which allows
  attackers to execute arbitrary HTML and script code in a user's browser
  session in the context of an affected site.","
Details:
phpMyAdmin Setup Interface Cross Site Scripting Vulnerability
(OID: 1.3.6.1.4.1.25623.1.0.902585)
Version used: 2023-10-27T05:05:28Z
","","","DFN-CERT-2011-1746,DFN-CERT-2011-1636,DFN-CERT-2011-1618",""
192.168.254.146,,80,tcp,4.3,Medium,99,"VendorFix","Apache HTTP Server httpOnly Cookie Information Disclosure Vulnerability","Apache HTTP Server is prone to a cookie information disclosure vulnerability.","Vulnerability was detected according to the Vulnerability Detection Method.",1.3.6.1.4.1.25623.1.0.902830,"CVE-2012-0053",bd621c88-7756-4f97-b0c3-75b10a8ccfec,"DVWA_26-1-2026",2026-01-26T17:09:11Z,78d3c7f4-0be3-40ff-809a-38a822a6aa09,"Successful exploitation will allow attackers to obtain sensitive information
  that may aid in further attacks.","Update to Apache HTTP Server version 2.2.22 or later.","Apache HTTP Server versions 2.2.0 through 2.2.21.","The flaw is due to an error within the default error response for
  status code 400 when no custom ErrorDocument is configured, which can be
  exploited to expose 'httpOnly' cookies.","
Details:
Apache HTTP Server 'httpOnly' Cookie Information Disclosure Vulnerability
(OID: 1.3.6.1.4.1.25623.1.0.902830)
Version used: 2022-04-27T12:01:52Z
","Product: cpe:/a:apache:http_server:2.2.14
Method: Apache HTTP Server Detection Consolidation
(OID: 1.3.6.1.4.1.25623.1.0.117232)
","","DFN-CERT-2015-0082,DFN-CERT-2014-1592,DFN-CERT-2014-0635,DFN-CERT-2013-1307,DFN-CERT-2012-1276,DFN-CERT-2012-1112,DFN-CERT-2012-0928,DFN-CERT-2012-0758,DFN-CERT-2012-0744,DFN-CERT-2012-0568,DFN-CERT-2012-0425,DFN-CERT-2012-0424,DFN-CERT-2012-0387,DFN-CERT-2012-0343,DFN-CERT-2012-0332,DFN-CERT-2012-0306,DFN-CERT-2012-0264,DFN-CERT-2012-0203,DFN-CERT-2012-0188,CB-K15/0080,CB-K14/1505,CB-K14/0608",""
192.168.254.146,,443,tcp,4.3,Medium,99,"VendorFix","Apache HTTP Server httpOnly Cookie Information Disclosure Vulnerability","Apache HTTP Server is prone to a cookie information disclosure vulnerability.","Vulnerability was detected according to the Vulnerability Detection Method.",1.3.6.1.4.1.25623.1.0.902830,"CVE-2012-0053",bd621c88-7756-4f97-b0c3-75b10a8ccfec,"DVWA_26-1-2026",2026-01-26T17:09:11Z,753f20c4-3d5b-4cf0-9486-7d44911651f2,"Successful exploitation will allow attackers to obtain sensitive information
  that may aid in further attacks.","Update to Apache HTTP Server version 2.2.22 or later.","Apache HTTP Server versions 2.2.0 through 2.2.21.","The flaw is due to an error within the default error response for
  status code 400 when no custom ErrorDocument is configured, which can be
  exploited to expose 'httpOnly' cookies.","
Details:
Apache HTTP Server 'httpOnly' Cookie Information Disclosure Vulnerability
(OID: 1.3.6.1.4.1.25623.1.0.902830)
Version used: 2022-04-27T12:01:52Z
","Product: cpe:/a:apache:http_server:2.2.14
Method: Apache HTTP Server Detection Consolidation
(OID: 1.3.6.1.4.1.25623.1.0.117232)
","","DFN-CERT-2015-0082,DFN-CERT-2014-1592,DFN-CERT-2014-0635,DFN-CERT-2013-1307,DFN-CERT-2012-1276,DFN-CERT-2012-1112,DFN-CERT-2012-0928,DFN-CERT-2012-0758,DFN-CERT-2012-0744,DFN-CERT-2012-0568,DFN-CERT-2012-0425,DFN-CERT-2012-0424,DFN-CERT-2012-0387,DFN-CERT-2012-0343,DFN-CERT-2012-0332,DFN-CERT-2012-0306,DFN-CERT-2012-0264,DFN-CERT-2012-0203,DFN-CERT-2012-0188,CB-K15/0080,CB-K14/1505,CB-K14/0608",""
192.168.254.146,,443,tcp,4.3,Medium,98,"Mitigation","SSL/TLS: Deprecated TLSv1.0 and TLSv1.1 Protocol Detection","It was possible to detect the usage of the deprecated TLSv1.0
  and/or TLSv1.1 protocol on this system.","The service is only providing the deprecated TLSv1.0 protocol and supports one or more ciphers. Those supported ciphers can be found in the 'SSL/TLS: Report Supported Cipher Suites' (OID: 1.3.6.1.4.1.25623.1.0.802067) VT.
",1.3.6.1.4.1.25623.1.0.117274,"CVE-2011-3389,CVE-2015-0204",bd621c88-7756-4f97-b0c3-75b10a8ccfec,"DVWA_26-1-2026",2026-01-26T17:09:11Z,3c98d3bc-48a4-4384-a64a-8a4848dc7729,"An attacker might be able to use the known cryptographic flaws
  to eavesdrop the connection between clients and the service to get access to sensitive data
  transferred within the secured connection.

  Furthermore newly uncovered vulnerabilities in this protocols won't receive security updates
  anymore.","It is recommended to disable the deprecated TLSv1.0 and/or
  TLSv1.1 protocols in favor of the TLSv1.2+ protocols. Please see the references for more
  information.","All services providing an encrypted communication using the
  TLSv1.0 and/or TLSv1.1 protocols.","The TLSv1.0 and TLSv1.1 protocols contain known cryptographic
  flaws like:

  - CVE-2011-3389: Browser Exploit Against SSL/TLS (BEAST)

  - CVE-2015-0204: Factoring Attack on RSA-EXPORT Keys Padding Oracle On Downgraded Legacy
  Encryption (FREAK)","Check the used TLS protocols of the services provided by this
  system.
Details:
SSL/TLS: Deprecated TLSv1.0 and TLSv1.1 Protocol Detection
(OID: 1.3.6.1.4.1.25623.1.0.117274)
Version used: 2024-09-27T05:05:23Z
","Product: cpe:/a:ietf:transport_layer_security:1.0
Method: SSL/TLS: Version Detection
(OID: 1.3.6.1.4.1.25623.1.0.105782)
","","DFN-CERT-2020-0177,DFN-CERT-2020-0111,DFN-CERT-2019-0068,DFN-CERT-2018-1441,DFN-CERT-2018-1408,DFN-CERT-2016-1372,DFN-CERT-2016-1164,DFN-CERT-2016-0388,DFN-CERT-2015-1853,DFN-CERT-2015-1332,DFN-CERT-2015-0884,DFN-CERT-2015-0800,DFN-CERT-2015-0758,DFN-CERT-2015-0567,DFN-CERT-2015-0544,DFN-CERT-2015-0530,DFN-CERT-2015-0396,DFN-CERT-2015-0375,DFN-CERT-2015-0374,DFN-CERT-2015-0305,DFN-CERT-2015-0199,DFN-CERT-2015-0079,DFN-CERT-2015-0021,DFN-CERT-2014-1414,DFN-CERT-2013-1847,DFN-CERT-2013-1792,DFN-CERT-2012-1979,DFN-CERT-2012-1829,DFN-CERT-2012-1530,DFN-CERT-2012-1380,DFN-CERT-2012-1377,DFN-CERT-2012-1292,DFN-CERT-2012-1214,DFN-CERT-2012-1213,DFN-CERT-2012-1180,DFN-CERT-2012-1156,DFN-CERT-2012-1155,DFN-CERT-2012-1039,DFN-CERT-2012-0956,DFN-CERT-2012-0908,DFN-CERT-2012-0868,DFN-CERT-2012-0867,DFN-CERT-2012-0848,DFN-CERT-2012-0838,DFN-CERT-2012-0776,DFN-CERT-2012-0722,DFN-CERT-2012-0638,DFN-CERT-2012-0627,DFN-CERT-2012-0451,DFN-CERT-2012-0418,DFN-CERT-2012-0354,DFN-CERT-2012-0234,DFN-CERT-2012-0221,DFN-CERT-2012-0177,DFN-CERT-2012-0170,DFN-CERT-2012-0146,DFN-CERT-2012-0142,DFN-CERT-2012-0126,DFN-CERT-2012-0123,DFN-CERT-2012-0095,DFN-CERT-2012-0051,DFN-CERT-2012-0047,DFN-CERT-2012-0021,DFN-CERT-2011-1953,DFN-CERT-2011-1946,DFN-CERT-2011-1844,DFN-CERT-2011-1826,DFN-CERT-2011-1774,DFN-CERT-2011-1743,DFN-CERT-2011-1738,DFN-CERT-2011-1706,DFN-CERT-2011-1628,DFN-CERT-2011-1627,DFN-CERT-2011-1619,DFN-CERT-2011-1482,WID-SEC-2023-1435,CB-K18/0799,CB-K16/1289,CB-K16/1096,CB-K15/1751,CB-K15/1266,CB-K15/0850,CB-K15/0764,CB-K15/0720,CB-K15/0548,CB-K15/0526,CB-K15/0509,CB-K15/0493,CB-K15/0384,CB-K15/0365,CB-K15/0364,CB-K15/0302,CB-K15/0192,CB-K15/0079,CB-K15/0016,CB-K14/1342,CB-K14/0231,CB-K13/0845,CB-K13/0796,CB-K13/0790",""
192.168.254.146,,443,tcp,4.0,Medium,80,"Workaround","SSL/TLS: Diffie-Hellman Key Exchange Insufficient DH Group Strength Vulnerability","The SSL/TLS service uses Diffie-Hellman groups with insufficient strength
  (key size < 2048).","Server Temporary Key Size: 1024 bits

",1.3.6.1.4.1.25623.1.0.106223,"",bd621c88-7756-4f97-b0c3-75b10a8ccfec,"DVWA_26-1-2026",2026-01-26T17:09:11Z,a3cba1d2-3f98-4665-9ca6-8346cbbbb91d,"An attacker might be able to decrypt the SSL/TLS communication offline.","Deploy (Ephemeral) Elliptic-Curve Diffie-Hellman (ECDHE) or use
  a 2048-bit or stronger Diffie-Hellman group (see the references).

  For Apache Web Servers:
  Beginning with version 2.4.7, mod_ssl will use DH parameters which include primes with lengths of more than 1024 bits.","","The Diffie-Hellman group are some big numbers that are used as base for
  the DH computations. They can be, and often are, fixed. The security of the final secret depends on the size
  of these parameters. It was found that 512 and 768 bits to be weak, 1024 bits to be breakable by really
  powerful attackers like governments.","Checks the DHE temporary public key size.
Details:
SSL/TLS: Diffie-Hellman Key Exchange Insufficient DH Group Strength Vulnerab...
(OID: 1.3.6.1.4.1.25623.1.0.106223)
Version used: 2024-09-30T08:38:05Z
","","","",""
192.168.254.146,,443,tcp,4.0,Medium,80,"Mitigation","SSL/TLS: Certificate Signed Using A Weak Signature Algorithm","The remote service is using a SSL/TLS certificate in the certificate chain that has been signed using a
  cryptographically weak hashing algorithm.","The following certificates are part of the certificate chain but using insecure signature algorithms:

Subject:              CN=localhost,O=Apache Friends,L=Berlin,ST=Berlin,C=DE
Signature Algorithm:  md5WithRSAEncryption


",1.3.6.1.4.1.25623.1.0.105880,"",bd621c88-7756-4f97-b0c3-75b10a8ccfec,"DVWA_26-1-2026",2026-01-26T17:09:11Z,07c7aa3d-94e1-4cf3-af4b-898c1be6e731,"","Servers that use SSL/TLS certificates signed with a weak SHA-1, MD5, MD4 or MD2 hashing algorithm will need to obtain new
  SHA-2 signed SSL/TLS certificates to avoid web browser SSL/TLS certificate warnings.","","The following hashing algorithms used for signing SSL/TLS certificates are considered cryptographically weak
  and not secure enough for ongoing use:

  - Secure Hash Algorithm 1 (SHA-1)

  - Message Digest 5 (MD5)

  - Message Digest 4 (MD4)

  - Message Digest 2 (MD2)

  Beginning as late as January 2017 and as early as June 2016, browser developers such as Microsoft and Google will begin warning users when visiting
  web sites that use SHA-1 signed Secure Socket Layer (SSL) certificates.

  NOTE: The script preference allows to set one or more custom SHA-1 fingerprints of CA certificates which are trusted by this routine. The fingerprints
  needs to be passed comma-separated and case-insensitive:

  Fingerprint1

  or

  fingerprint1, Fingerprint2","Check which hashing algorithm was used to sign the remote SSL/TLS certificate.
Details:
SSL/TLS: Certificate Signed Using A Weak Signature Algorithm
(OID: 1.3.6.1.4.1.25623.1.0.105880)
Version used: 2021-10-15T11:13:32Z
","","","",""
192.168.254.146,,443,tcp,3.7,Low,80,"VendorFix","SSL/TLS: DHE_EXPORT Man in the Middle Security Bypass Vulnerability (LogJam)","This host is accepting 'DHE_EXPORT' cipher suites
  and is prone to man in the middle attack.","'DHE_EXPORT' cipher suites accepted by this service via the SSLv3 protocol:

TLS_DHE_RSA_EXPORT_WITH_DES40_CBC_SHA

'DHE_EXPORT' cipher suites accepted by this service via the TLSv1.0 protocol:

TLS_DHE_RSA_EXPORT_WITH_DES40_CBC_SHA


",1.3.6.1.4.1.25623.1.0.805188,"CVE-2015-4000",bd621c88-7756-4f97-b0c3-75b10a8ccfec,"DVWA_26-1-2026",2026-01-26T17:09:11Z,39585ef5-2301-46c1-9178-b05d0944e329,"Successful exploitation will allow a
  man-in-the-middle attacker to downgrade the security of a TLS session to
  512-bit export-grade cryptography, which is significantly weaker, allowing
  the attacker to more easily break the encryption and monitor or tamper with
  the encrypted stream.","'- Remove support for 'DHE_EXPORT' cipher
  suites from the service

  - If running OpenSSL updateto version 1.0.2b or 1.0.1n or later.","'- Hosts accepting 'DHE_EXPORT' cipher suites

  - OpenSSL version before 1.0.2b and 1.0.1n","Flaw is triggered when handling
  Diffie-Hellman key exchanges defined in the 'DHE_EXPORT' cipher suites.","Check previous collected cipher suites saved in the KB.
Details:
SSL/TLS: 'DHE_EXPORT' Man in the Middle Security Bypass Vulnerability (LogJa...
(OID: 1.3.6.1.4.1.25623.1.0.805188)
Version used: 2024-09-30T08:38:05Z
","Product: cpe:/a:ietf:transport_layer_security
Method: SSL/TLS: Report Supported Cipher Suites
(OID: 1.3.6.1.4.1.25623.1.0.802067)
","","DFN-CERT-2023-2939,DFN-CERT-2021-0775,DFN-CERT-2020-1561,DFN-CERT-2020-1276,DFN-CERT-2016-1692,DFN-CERT-2016-1648,DFN-CERT-2016-0665,DFN-CERT-2016-0642,DFN-CERT-2016-0184,DFN-CERT-2016-0135,DFN-CERT-2016-0101,DFN-CERT-2016-0035,DFN-CERT-2015-1679,DFN-CERT-2015-1632,DFN-CERT-2015-1608,DFN-CERT-2015-1542,DFN-CERT-2015-1518,DFN-CERT-2015-1406,DFN-CERT-2015-1341,DFN-CERT-2015-1194,DFN-CERT-2015-1144,DFN-CERT-2015-1113,DFN-CERT-2015-1078,DFN-CERT-2015-1067,DFN-CERT-2015-1016,DFN-CERT-2015-0980,DFN-CERT-2015-0977,DFN-CERT-2015-0976,DFN-CERT-2015-0960,DFN-CERT-2015-0956,DFN-CERT-2015-0944,DFN-CERT-2015-0925,DFN-CERT-2015-0879,DFN-CERT-2015-0844,DFN-CERT-2015-0737,CB-K21/0067,CB-K19/0812,CB-K16/1593,CB-K16/1552,CB-K16/0617,CB-K16/0599,CB-K16/0168,CB-K16/0121,CB-K16/0090,CB-K16/0030,CB-K15/1591,CB-K15/1550,CB-K15/1517,CB-K15/1464,CB-K15/1442,CB-K15/1334,CB-K15/1269,CB-K15/1136,CB-K15/1090,CB-K15/1059,CB-K15/1022,CB-K15/1015,CB-K15/0964,CB-K15/0932,CB-K15/0927,CB-K15/0926,CB-K15/0907,CB-K15/0901,CB-K15/0896,CB-K15/0877,CB-K15/0834,CB-K15/0802,CB-K15/0733",""
192.168.254.146,,443,tcp,3.4,Low,80,"Mitigation","SSL/TLS: SSLv3 Protocol CBC Cipher Suites Information Disclosure Vulnerability (POODLE)","This host is prone to an information disclosure vulnerability.","Vulnerability was detected according to the Vulnerability Detection Method.",1.3.6.1.4.1.25623.1.0.802087,"CVE-2014-3566",bd621c88-7756-4f97-b0c3-75b10a8ccfec,"DVWA_26-1-2026",2026-01-26T17:09:11Z,f630800f-ad77-4e25-92a7-cb1dd8b68a0e,"Successful exploitation will allow a  man-in-the-middle attackers gain access to the plain text data stream.","Possible Mitigations are:

  - Disable SSLv3

  - Disable cipher suites supporting CBC cipher modes

  - Enable TLS_FALLBACK_SCSV if the service is providing TLSv1.0+","","The flaw is due to the block cipher padding not being deterministic and not covered by the Message Authentication Code","Evaluate previous collected information about this service.
Details:
SSL/TLS: SSLv3 Protocol CBC Cipher Suites Information Disclosure Vulnerabili...
(OID: 1.3.6.1.4.1.25623.1.0.802087)
Version used: 2024-09-30T08:38:05Z
","Product: cpe:/a:ietf:transport_layer_security
Method: SSL/TLS: Report Supported Cipher Suites
(OID: 1.3.6.1.4.1.25623.1.0.802067)
","","DFN-CERT-2017-1238,DFN-CERT-2017-1236,DFN-CERT-2016-1929,DFN-CERT-2016-1527,DFN-CERT-2016-1468,DFN-CERT-2016-1168,DFN-CERT-2016-0884,DFN-CERT-2016-0642,DFN-CERT-2016-0388,DFN-CERT-2016-0171,DFN-CERT-2015-1431,DFN-CERT-2015-1075,DFN-CERT-2015-1026,DFN-CERT-2015-0664,DFN-CERT-2015-0548,DFN-CERT-2015-0404,DFN-CERT-2015-0396,DFN-CERT-2015-0259,DFN-CERT-2015-0254,DFN-CERT-2015-0245,DFN-CERT-2015-0118,DFN-CERT-2015-0114,DFN-CERT-2015-0083,DFN-CERT-2015-0082,DFN-CERT-2015-0081,DFN-CERT-2015-0076,DFN-CERT-2014-1717,DFN-CERT-2014-1680,DFN-CERT-2014-1632,DFN-CERT-2014-1564,DFN-CERT-2014-1542,DFN-CERT-2014-1414,DFN-CERT-2014-1366,DFN-CERT-2014-1354,WID-SEC-2023-0431,CB-K17/1198,CB-K17/1196,CB-K16/1828,CB-K16/1438,CB-K16/1384,CB-K16/1102,CB-K16/0599,CB-K16/0156,CB-K15/1514,CB-K15/1358,CB-K15/1021,CB-K15/0972,CB-K15/0637,CB-K15/0590,CB-K15/0525,CB-K15/0393,CB-K15/0384,CB-K15/0287,CB-K15/0252,CB-K15/0246,CB-K15/0237,CB-K15/0118,CB-K15/0110,CB-K15/0108,CB-K15/0080,CB-K15/0078,CB-K15/0077,CB-K15/0075,CB-K14/1617,CB-K14/1581,CB-K14/1537,CB-K14/1479,CB-K14/1458,CB-K14/1342,CB-K14/1314,CB-K14/1313,CB-K14/1311,CB-K14/1304,CB-K14/1296",""
192.168.254.146,,,,2.6,Low,80,"Mitigation","TCP Timestamps Information Disclosure","The remote host implements TCP timestamps and therefore allows
  to compute the uptime.","It was detected that the host implements RFC1323/RFC7323.

The following timestamps were retrieved with a delay of 1 seconds in-between:
Packet 1: 798682
Packet 2: 798952
",1.3.6.1.4.1.25623.1.0.80091,"",bd621c88-7756-4f97-b0c3-75b10a8ccfec,"DVWA_26-1-2026",2026-01-26T17:09:11Z,84de541f-bd6a-4bc7-ba2d-78de46232e82,"A side effect of this feature is that the uptime of the remote
  host can sometimes be computed.","To disable TCP timestamps on linux add the line
  'net.ipv4.tcp_timestamps = 0' to /etc/sysctl.conf. Execute 'sysctl -p' to apply the settings at
  runtime.

  To disable TCP timestamps on Windows execute 'netsh int tcp set global timestamps=disabled'

  Starting with Windows Server 2008 and Vista, the timestamp can not be completely disabled.

  The default behavior of the TCP/IP stack on this Systems is to not use the Timestamp options when
  initiating TCP connections, but use them if the TCP peer that is initiating communication includes
  them in their synchronize (SYN) segment.

  See the references for more information.","TCP implementations that implement RFC1323/RFC7323.","The remote host implements TCP timestamps, as defined by
  RFC1323/RFC7323.","Special IP packets are forged and sent with a little delay in
  between to the target IP. The responses are searched for a timestamps. If found, the timestamps
  are reported.
Details:
TCP Timestamps Information Disclosure
(OID: 1.3.6.1.4.1.25623.1.0.80091)
Version used: 2023-12-15T16:10:08Z
","","","",""
192.168.254.146,,,,2.1,Low,80,"Mitigation","ICMP Timestamp Reply Information Disclosure","The remote host responded to an ICMP timestamp request.","The following response / ICMP packet has been received:
- ICMP Type: 14
- ICMP Code: 0
",1.3.6.1.4.1.25623.1.0.103190,"CVE-1999-0524",bd621c88-7756-4f97-b0c3-75b10a8ccfec,"DVWA_26-1-2026",2026-01-26T17:09:11Z,8e421d82-4533-4b37-8e33-bdb3136c6193,"This information could theoretically be used to exploit weak
  time-based random number generators in other services.","Various mitigations are possible:

  - Disable the support for ICMP timestamp on the remote host completely

  - Protect the remote host by a firewall, and block ICMP packets passing through the firewall in
  either direction (either completely or only for untrusted networks)","","The Timestamp Reply is an ICMP message which replies to a
  Timestamp message. It consists of the originating timestamp sent by the sender of the Timestamp as
  well as a receive timestamp and a transmit timestamp.","Sends an ICMP Timestamp (Type 13) request and checks if a
  Timestamp Reply (Type 14) is received.
Details:
ICMP Timestamp Reply Information Disclosure
(OID: 1.3.6.1.4.1.25623.1.0.103190)
Version used: 2023-05-11T09:09:33Z
","","","DFN-CERT-2014-0658,CB-K15/1514,CB-K14/0632",""
